BX,Bx Earth
HB,hb belly
HB,hb belly me
Marion's Kitchen,marion's
Ocean Blue,ocean
Olive Grove,grove
Only Organic,only
Original Juice Co.,original
Pana Organic,pana
Pilot,Pilot Frixion
Pilot,pilot frixion clicker
Pilot,pilot frixon
Pledge,pledge grab it
Polly Waffle,polly
Primo,primo deli express
Primo,primo reserve
Rafferty's Garden,raffertys
Red Rock Deli,red rock
Rok,Rok Kombucha
Saidoun Lebanese Bakery,saidoun
Salad Servers,salad
Schick,schick intuition
Smith's,dick smith's
Smith's,willie smith's
Solo,solo dessert
Solo,solo italia
Street Eats,street
Sweet William Chocolate,sweet william
Tasty Toobs,Toobs
Tech,tech deck
Tony's,Tony's Chocolonely
Trill,trill vitablend pellets
Tuscany,Tuscany Cheese
Twisted,twisted frozen yoghurt
Twisted,twisted healthy treats
Whittaker's,whittaker's chocolate
Wicked Sister,wicked
World's Best Cat Litter,world's best
abe's,abe's bagels
ak annabel karmel,annabel
annabel,annabel karmel
aspro,aspro clear
atlas,atlas kill & protect
babybel,bel babybel
ben's,bens originalrice
bertie,bertie beetle
bio,bio cheese
bob,bob snail
bombay,bombay sapphire
boss,boss coffee
california,california scents
candy market,the candy market
carob kitchen,the carob kitchen
cp,cp authentic asia
cucina,cucina classica
damora,damora satisfied snacking
dollar,dollar sweets
donna,donna hay
"double ""d""",double d smart sweets
dream,dream whip
duo penotti,penotti
e.l.f.,e.l.f. poreless
easy off,easy off bam
eclipse,eclipse organics
erawan,erawan blue
ethical,ethical zinc
euky,euky bear
folding auto,folding auto open
fromager,fromager d'affiniois
fromager,fromager d'affinois
glaceau,glaceau vitaminwater
good by grove,grove
grandessa,grandessa signature
grove,maple grove
grove,the grove
happy hippie,hippie
harcourt,harcourt valley
hb belly,hb belly me
health & vitality,health & vitality fit
hecho,hecho en mexico
hedys,hedys quiche
herron,herron nicaway
imodium,imodium rx
ion,ion laundry capsules
jeeny's,jeeny's palm
julius,julius gold
kapai puku,kapai puku gut health
kara,kara coconut
kb's,kb's cooked
kb's,kb's spencer gulf thawed
kb's,kb's thawed
kb's,kb's thawed atlantic
kb's,kb's thawed cooked
kb's,kb's thawed raw
kb's,kb's thawed seafood
kb's,msc kb's
kb's cooked,kb's thawed cooked
kb's spencer gulf thawed,kb's thawed
kb's thawed,kb's thawed atlantic
kb's thawed,kb's thawed cooked
kb's thawed,kb's thawed raw
kb's thawed,kb's thawed seafood
kialla,kialla organic
king island,king island dairy
kong foo,kong foo sing
