brand_1,example_product_1,brand_2,example_product_2,similarity_score
Melrose Peak Hydrations,Green Apple 180g,melrose peak hydration,watermelon 180g,98
Linda McCartney,Linda McCartney Sausage Roll Vegetarian,Linda Mccartney's,Linda Mccartney's Veg Mozzarella Burger NULL,97
Mama Rosa's Kitchen,Mama Rosa's Kitchen Lasagne,Mamma Rosa's Kitchen,Mamma Rosa's Kitchen Bolognaise Twists,97
Uncle Smallgoods,Nitrate Free Ham,Uncle's Smallgoods,Nitrite Free Ham,97
fromager d'affiniois,petite d'affinois,fromager d'affinois,fromager d'affinois petit d'affinois,97
la casa del formaggio,mozzarella string cheese sticks 8 pack,la casa del formagio,cheese mozzarella bag,97
Ceres Organic,Seaweed Original Snack 6x5g Packs,Ceres Organics,Ceres Organics Crispy Rice Clouds Sea Salt Sunshine,96
Coles Kitchen,Chicken Dinner,coes kitchen,lamb casserole,96
Harvest Snaps,Harvest Snaps Pea Crisps Original Salted,harvest snap,pea sour cream and chives,96
Lvl Up Everyday,Hydration Tropical 10pk,lvl up everday,hydration orange 10pk,96
Messy Monkeys,Messy Monkeys Rice Puff Bars Chocolate,messy monkey,bites burger,96
Pana Organic,Pana Organic Chocolate Sour Cherry and Vanilla,pana organics,hot chocolate,96
Pilot Frixion,Erasable Highlighters,pilot frixon,refill black,96
ching secret,hot garlic instant noodles,chings secret,veg haka noodles,96
mcilhenney co,tabasco pepper sauce,mcilhenny co,tabasco salsa picante sauce,96
Barossa Valley Cheese,Barossa Valley Cheese Babybert,Barossa Valley Cheese Co,Barossa Valley Cheese Co Halloumi,95
Britannia,Suji Rusks,brittannia,dry cake,95
Catalano's,Seafood Australian Raw Prawns With Garlic & Herb Butter,catalano'ss,catalano's prawn meat,95
Chickadees,Chickadees Snacks Chicken,chickeadees,chickadees chicken box,95
Clearwipe,Clearwipe Lens Cleaner,Clearwipes,Antifog Lens Wipes,95
David Gray,Outdoor Citronella Fogger,David Grays,David Grays Cockroach Spray,95
Kook A Krumb,Kook A Krumb Gluten Free Bread Crumbs,kooka a krumb,panko breadcrumbs,95
Kozhikoden,Kozhikoden Banana Chips,Kozhikoden's,Jackfruit Chip,95
LIFESAVER,Mixed Sherbert Fizz Stix Lollies 200g,Life Savers,Life Savers Fruit Tingle Egg,95
Little Trees,Little Trees Air Freshener New Car,little tree,air freshener black ice,95
Miirabella,Appliance Pilot T22 Ses Clear 25w,Mirabella,Mirabella LED Globe Filament BC 2700K 7W,95
Moët & Chandon,Moët & Chandon Imperial Brut Champagne 7,moet & chandon,vintage champagne 750ml,95
Pot Noodle,Pot Noodle Beef & Tomato,pot noodles,bombay bad boy,95
Stone Baked,Pizza Bases Twin Pack,bake stone,bake stone deli pizza base olive oil,95
Symington's,Symington's Instant Dandelion Tea No Caffeine,symintons,dandelion instant herbal tea,95
Temptations,Temptations Spoons Chicken And Cheese,temptation,beetroot and feta canapes 12 pack,95
mr brownie,galactic brownies,mr brownies,mr brownie blondies,95
the honey collective,pure honey,the honey collective co,pure honey twist & squeeze,95
Babushka,High Protein Vanilla Kefir,Babushka's,Babushka's Kefir Natural Organic Yoghurt,94
Britannia  Value Pack,Fifty Fifty,Brittania Value Pack,Marie Gold,94
Brunsick,Sardines Lemon Chilli And Garlic,Brunswick,Brunswick In Soy Oil Sardines,94
Fine Foods,Pumpkin Fetta And Balsamic Bowl,fine food,coleslaw dressing,94
Guerrero,Guerrero Homestyle Burritos,guerrerro,fajita tortillas 20 pack,94
Liddells,Liddells Lactose Free Probiotic Yoghurt Vanilla Bean,liddellls,liddells low fat lactose free milk,94
Magazine,Peppa Pig Play Pack,magazines,cooking with aww,94
Rowntree's,Rowntree's Fruit Gums Bag,rowntree,rowntree fruit pastilles,94
Strepsil,Herbal Chesty Cough Lozenge Honey Lemon,Strepsils,Throat Lozenges Value Pack,94
Tefal Cook Right Non,Stick Wokpan,tefal cook right xl non,stick sautepan,94
australian botanical bar soap,goat milk & soya bean oil,australian botanical soap,lemongrass & lemon myrtle,94
beach rd naturals,body bar sea salt & coastal citrus,beach road naturals,organic coconut & lime castile body bar,94
maybelline fit me,medium concealer,maybelline fit me d+s,primer luminous+smoth,94
maybelline fit me,medium concealer,maybelline fit me m+p,foundation creamy beige,94
thompson's,one-a-day milk thistle 42000mg capsules,thomson's,deli thin franks,94
25 Degrees South,25 Degrees South Baby Spinach & Fetta Ravioli Pasta,42 Degrees South,42 Degrees South Pinot Grigio,93
Annabel Karmel,Annabel Karmel Spaghetti & Meatballs,ak annabel karmel,butter chicken 200g,93
Boland's,Boland's Fig Rolls,Borlands,Borlands Macadamia Shortbread,93
COCA-COLA,Coca-Cola Classic Soft Drink Multipack Cans 30x375mL,Cca Cola,Soft Drink Can Classic 15x250mL,93
Diploma,Diploma Instant Full Cream Milk Powder,diplomat,tea cup bags 100 pack,93
Florida,Florida Ricotta Cheese,Floridia,Floridia Cheese Mozzarella Pear,93
Gillette,Shaving Foam Sensitive Skin Value Pack,gilette,blue 3 disposables razor,93
INGHAM'S,INGHAM'S Christmas Turkey Nuggets Limited Edition,Lingham's,Lingham's Sauce Chilli,93
JOHNSON,Baby Bedtime Bath 500ml,Johnson's,Johnson's Daily Essentials Cleansing Wipes,93
Original Juice Co,Original Juice Co Orange Juice,original juice,original juice co juice orange juice with pulp,93
Palirra,Greek Gigantes Beans,palirria,vine leaves stuffed with rice,93
SA Gourmet Food,SA Gourmet Food Chunky Beef & Vegetable Soup,SA Gourmet Food Co.,SA Gourmet Food Co. Classic Italian Minestrone Soup,93
TRESemme,Hair Styling Spray Thermal Protections,TRESemmé,TRESemmé  Conditioner Moisture Rich,93
Warhead,Sour Jelly Beans,Warheads,Sour Apple Soda,93
fun fave,fun faves variety multipack,fun faves,variety chips multipack lunch box school snacks 18 pack,93
wescott,wescott recycled scissors 7 inch,westcott,"antimicrobial 7"" scissors",93
Barilla,Barilla Casarecce Pasta,brilla,prosecco 750ml,92
Baxters,Baxters Pourable Tomato Relish,baxter,australian crafted vodka 700ml,92
Cotton,Candykins,cottons,organic long panty liners,92
Delite,Delite Mandarin Seedless Bag,The Deli,Shaved Virginian Ham,92
Double Phoenix,Eggs In Brine,double pheonix,double pheonix vermicelli green bean,92
Fowlers,Fowlers Baking Aids Vacola Jamsetta,fowles,are you game shiraz 750ml,92
Harvey,Beef Gourmet Selection Parsley & Garlic Burgers,Harveys,Harveys Bristol Cream Sherry,92
Homemade Collection,Homemade Collection Strawberry Fields,The Homemade Collection,Homemade Spotted Choc Chip,92
Hot Kid,Want Want Seaweed Rice Crackers,Hot Kids,Hot Kids Milk Beverage,92
Huggie,Huggie Quick Dry Fabric Conditioner Honeysuckle,Huggies,Huggies Infant Nappies Size 2 (4-8kg),92
INGHAM'S,INGHAM'S Christmas Turkey Nuggets Limited Edition,Ingham,Ingham Gluten Free Chicken Breast,92
Jacob's,Jacob's Snacks Original Twiglets,Jacoub's,Jacoub's Chicken Salt No Added MSG Or Gluten,92
Jordans,Jordans Strawberry Crispy Oat Clusters,jordan,baby toothbrush 0-2 years,92
KitKat,Milk Chocolate Share Pack 11 Pieces,kitekat,kitekat meat & liver can,92
Mario's,Mario's Pastizzi Ricotta Cheese,marion's,kitchen pad see ew meal kit,92
Master,Cocktail Snacks,masters,iced coffee flavoured milk,92
Naturopathica,Fatblaster Weight Loss Shake 14 Meal Variety Pack,Nautropathica,Naturopathica Fatblaster Chocolate Crunch Snack Bar,92
Nissin,Spicy Seafood Noodle Cup,nisshin,nisshin panko breadcrumbs,92
Papa Giuseppi's,Papa Giuseppi's Deep Pan Bakehouse Crust BBQ Meatlovers,papa guiseppi's,frozen pizza pies snack mega meaty 2 pack,92
Parker's,Parker's Pretzel Minis Snacktime Multipack,parker,parker's mini pretzel mini,92
Potong,Potong Coconut Milk & Durian Pops,potongo,lychee sorbet,92
Proper Crisps Potato,Chips Chilli Crisp,Proper Crisps Potato Big,Cut Marlborough Sea Salt,92
REMANO,Free Range Egg Pasta Linguine 375g,renmano,aged tawny cask 2l,92
Sakata,Sakata Seaweed Rice Crackers,snakata,rice snack crackers honey soy chicken,92
Salt & Co,Salts & Co Bath Salt Epsom,salts & co,pure epsom bath salts,92
Selleys,Selleys Adhesive Liquid Nails,sellys,selleys supercloth regular,92
Simple,Simple Facial Wipes Biodegradable Cleansing,simplee,mi goreng noodles 5 pack 425g,92
Smith's,Oven Baked Potato Chips Share Pack Sour Cream & Chives,Smithy's,Easy Drinking Beer Can 375ml,92
The Happy Snack Company,The Happy Snack Company Roasted Fava Beans Sea Salt and Balsamic Vinegar,happy snack company,fava beans red pepper & chilli 6 pack,92
The Pure Produce Company,The Pure Produce Company Bruschetta With Fetta & Dill Dip,pure produce company,pure produce company goats cheese,92
Tru Blu,Tru Blu Ceda Creaming Soda,Tru Blue,Garlic Bread Twin Pack,92
crunch,milk chocolate block,crunchy,combo sprouts,92
Ajita,Ajita Vege Chips BBQ,ajitas,ajitas vege chips barbeque,91
Bellis,Bellis School Bars Choc Apricot,Bells,Frozen Ice Pure Bag,91
Brite,Semi Permanent Rose Hair Colour,Britex,Concentrated Carpet Cleaner,91
British Sausage Co.,Pork Chipolatas Breakfast English Style,The British Sausage Co,The British Sausage Co Smoked Ham,91
Daily Juice,Daily Company Daily Juice Green Blend,Daily Juice Co,Daily Juice Co Breakfast Fruit Juice,91
Delite,Delite Mandarin Seedless Bag,d'lite,turkish bread rolls,91
El Pato,El Pato Hot Sauce,Elato,Elato Artisanal Vegan Gelato Dark Chocolate Truffle,91
Finish,Ultimate Dishwashing Tablets Lemon Sparkle,finsh,finish quantum ultimate lemon sparkle  dishwashing tablets,91
Flora,Flora Buttery,Floral,Writing Pad 50 Sheets,91
Floral,Writing Pad 50 Sheets,L'Oréal,L'Oréal Paris Casting Creme Gloss 300 Darkest Brown,91
Gullon,Sugar Free Chocolate Chip Cookies,Gullón,Gullón Cookies Sugar Free Short Bread,91
Heidi,Iced Spicy Gingerbread Pfeffernusse,Heidis,Heidis Iced Spicy Gingerbreads Pfeffernusse,91
Hugo's,Hugos Rocky Road,St Hugo,St Hugo Eden Valley Chardonnay,91
Kuhne,Kuhne German Barrel Sauerkraut,kuehne,kuehne barrel sauerkraut,91
L'Oreal,Preference Acidic Toner Pearly Boost,L'Oréal,L'Oréal Paris Casting Creme Gloss 300 Darkest Brown,91
Lucas',Lucas' Papaw Ointment,Lucia's,Lucia's Passata,91
MAGGI,Maggi 2 Minute Instant Cup Noodle Chicken,maggie,beer rich & thick gravy finishing sauce,91
Marc Daniels,Colour Hairspray Glitter,marc daneils,professional go curly enhance define gel,91
Mario,Coconut Biscuits,Mario's,Mario's Pastizzi Ricotta Cheese,91
Molly's,Molly's Irish Cream Bottle 1L,Olly's,Cheesy Pretzel Thins,91
Nanna's,Nanna's Jam Donut Sweet Bites,anna's,anna's almond thins,91
Nestle,Bakers' Choice Baking Milk Chocolate Bits Value Pack,Nestlé,Nestlé Top n Fill Caramel,91
Parle,Parle Glucose Biscuits Snack,Parle G,Gold,91
Parle,Parle Glucose Biscuits Snack,parle-g,gluco biscuits,91
Rutherford and Meyer,Rutherford and Meyer Fruit Paste Apricot,rutherford & meyer,gourmet cheese wafers garlic & olive oil,91
Siena,Siena Buffalo Bocconcini,Sirena,Sirena Tuna In Oil Italian Style,91
Swisse,Ultiboost Menopause Balance Tablets,swiss,natural plus spelt loaf,91
Tegel,Tegel Take Outs Extra Crunchy Chicken Burgers,tegels,take out crunchy chicken burger,91
The Creative Kitchen,The Creative Kitchen Mini Flowers Cake Decorations,creative kitchen,original butter popcorn seasoning,91
Today,Today Chocolate Wafer,Today's,Today's Multigrain Sandwich Bread,91
Umami,Umami Edamame Salad,Yumami,Bao Buns Pork 2pk,91
Urbane,Mess Defining Paste,urban,gin 700ml,91
health lab cookies 'n',creme custard balls 4pk,health lab cookies no,cream protein blondie,91
natural cracker co,natural cracker co. roast chicken crispy crackers,the natural cracker co.,the natural cracker co. honey soy chicken,91
ultralife vitamin b3,500mg 150pk,ultralife vitamin d,gummies 145pk,91
Byron Bay Cookie Co,Single Serve Dotty,Byron Bay Cookies,Byron Bay Cookies Dotty Cookie Bites,90
Campbell's,Campbell's Spaghetti Sauce With Beef,campbell's v8,powerblend immunity juice,90
Cheesecake Shop,Cheesecake Shop Cheesecake Cup Passionfruit,The Cheesecake Shop,The Cheesecake Shop Strawberry Cheesecake,90
Happy Cake Co,Happy Cake Co Birthday Rainbow,happy cake,happy cake mudcake slice,90
Jinmailang,Artificial Stew Pork Flavour Noodle,Jinmailing,Beef Stew Instant Noodles 5x110g,90
John Freida,Frizz Ease Hydrating Jelly,John Frieda,Frizz Ease Curls Reviver Mousse,90
Killer Coffee Co,Medium Roast Beans,The Killer Coffee Co,The Killer Coffee Co Coffee Bags Espresso,90
Mrs H S Balls,Peach Chutney,Mrs H.S. Ball's,Mrs H.S. Ball's Chutney Original,90
Only Juice,Only Juice Premium Orange,Only Juice Co.,Only Juice Co. Mega C Reconstituted Orange Juice,90
Queen Victoria,English Breakfast Extra Strong Tea Bags,queen victoria tea,sleepy blend tea bags,90
Tefal Cook Right Non,Stick Wokpan,tefal cook right,non stick frypan,90
The Juice Brothers,The Juice Brothers Pine Lime Twist Fruit Juice,juice brothers,the juice brothers morning start juice,90
The Natural Chip Co,The Natural Chip Co Sweet Chilli & Sour Cream,natural chip co,the natural chip co. sea salt & cracked pepper chips,90
Ultralife,Vitamin B Energy Gummies,Ultralife 55+,Multivitamin Gummies,90
australian botanical,australian botanical soap activated charcoal soap bar,australian botanical soap,lemongrass & lemon myrtle,90
health & vitality,chicken carbonara 300g,health & vitality fit,beef rendang 350g,90
monster energy,green energy drink 6 pack 500ml,monster energy can,energy drink papillon,90
pyrex bake n serve glass,baking dish,pyrex bake n store glass,container,90
Australia Own Organic,Australia Own Organic Cooking Cream,australian organic,chicken & vegetable soup,89
BIG M,Chocolate Milk 2L,my big,green book of colouring,89
Bacci,Fresh Bolognese Sauce,Baci,Baci Original Dark Chocolate Truffles,89
Billy,Billy Tea Cup Bags,Illy,Illy Classico Espresso Capsules,89
Brie,Mon Pere,Brite,Semi Permanent Rose Hair Colour,89
Carlsberg,Carlsberg Pilsner Bottle,Jarlsberg,Regular Cheese Sliced/shaved,89
Ceres Organic,Seaweed Original Snack 6x5g Packs,Ceres Organic Pea,Chips Wasabi Mayo,89
Coco & Lucas',Coco & Lucas' Butter Chicken & Jasmine Rice Frozen Meal,coco & lucus,creamy basil pesto tortellini,89
Cremorne St Bakers,Lamingtons,Cremorne St Bakers Xmas,Joy TO The World Jar,89
Cremorne St Bakers,Lamingtons,Cremorne Street Bakers,Bites Ginger Crunch,89
Cucina Matese,Ditali Pasta,cucina matese ita,pasta fettuccine,89
East Coast,Sustainable Organic Full Cream Milk,West Coast,Cooler Bottles 250ml,89
Evia,Evia Greek Pro Creamy Yoghurt Gut Health,Evian,Evian Natural Mineral Water,89
Evia,Evia Greek Pro Creamy Yoghurt Gut Health,nevia,a4 copy paper 500 sheets,89
Fettalyeh,Chicken Sausages,Fettayleh,Chicken & Cheese Kransky,89
Fris,Fris Vodka 37.5% Bottle,Frisp,Frisp Strawberry Crisps,89
Glad,Glad Forceflex Garbage Bags,Glade,Glade Sense & Spray Vanilla Refill,89
Heart Salt,Heart Salt Chicken Salt,earth salt,earth salt himalayan pink salt grinder,89
Jo Jo,Jo Jo Crayon Bubble Gum Sour Liquid Filled,JoJo's,JoJo's Wacky Tape Gum Roll Blueberry,89
K-Roo,K-Roo Kangaroo Mince,kroon,goats cheese wedge,89
Kara,Kara Coconut Cream,Karma,Karma Drinks Organic Blackcurrant Apple Raspberry,89
Kara,Kara Coconut Cream,Skara,Skara Smoked Dry Cured Bacon Slice,89
Kiri,Kiri Cheese Cream,kirin,ichiban bottle 330ml,89
La Molisana,Pasta Spaghetti No. 15,molisana,molisana spaghetti 15,89
MAMIA,Size 6 Nappy Pants 15+kg 24 Pack,Mama,Mama Vietnamese Pho Ga Chicken Noodle,89
Mama,Mama Vietnamese Pho Ga Chicken Noodle,Mama's,Mama's Homestyle Ajvar Mild,89
Mama,Mama Vietnamese Pho Ga Chicken Noodle,Mamma,Emma Gnocchi Tomato Mozzarella,89
Market Hall,Market Hall Thin BBQ Sausages,hallmark,large gift bag colourful confetti,89
Moki,Moki HDMI High Speed With Ethernet Cable,smoki,original flips,89
Mount Difficulty,Pinot Noir 750ml,Mt Difficulty,Mt Difficulty Roaring Meg Pinot Noir,89
NOSH,NOSH BOOZY SELTZER PEACH ,Noshu,Noshu Bar Low Carb Indulgence Bars Chocolate Mint,89
Pana,Pana Organic Double Chocolate Frozen Dessert Tub,Panda,Panda Australian Blue Gum Honey Squeeze,89
Pico,Pico Organic Chocolate Mint Crisp,Picon,Picon Cheese Portions,89
Providore,Providore Creamy Tomato Vodka Pasta Sauce,provedore,mild sopressa,89
Rowntree's,Rowntree's Fruit Gums Bag,Rowntress,Fruit Pastilles Pouch,89
Soul Papa,Soul Papa & Co. Soy Sauce,soul papa & co,chinese 5 spices,89
Sukin,Sukin Aromatherapy Sleep Bath Blend,skin,control pore patches,89
Tatua,Tatua Cooking Cream,tata,salt,89
Tech,Deck Ultra Dlx 4 Pack Assorted,vtech,drive and discover baby keys,89
The Healthy Baker,The Healthy Baker Plain Flour Easy Store,healthy baker,flour plain,89
Weis,Weis Mini Ice Cream & Fruit Bar Mango,Weiss,Riesling 750ml,89
carob kitchen,carob kitchen carob coconut bar,the carob kitchen,banjo carob bear,89
misko,macaroni no 2 greek pasta,miso,tasty white miso paste,89
olga,beef parmigiana schnitzel,olga's,honey soy chicken sausage,89
original,juice co goodness green juice,pk original,pk peppermint pellet chewing gum,89
polly,waffle bag,poly,poly craft string white,89
sada,low fat milk,sadak,hyderabad dum biryani curry rte lunch meal kit,89
thomy,delikatess mayonnaise,tomy,take & toss sipper cup,89
Bondi Circus Oat,Milk Latte,bondi circus,bondi circus cold brew nitro black coffee,88
Castello,Castello Goats Cheese,castelli,riesling 750ml,88
GREENIES,Greenies Original Teenie Dental Dog Treat,Green Vie,Green Vie Mozzarella Cheese Block,88
Happy Cake Co,Happy Cake Co Birthday Rainbow,The Happy Cake Co,The Happy Cake Co Chocolate Cake,88
I Pastai,I Pastai Fresh Pasta Pappardelle,Il Pastaio,Il Pastaio Cannelloni Ricotta & Spinach,88
Imodium,Advanced Diarrhoea Plus Wind Pain Relief Chewable Tablets,imodium rx,imodium diarrhoea treatment 2mg capsules,88
Laughing Cow,Laughing Cow Cheese Light,The Laughing Cow,The Laughing Cow Light Cheese Spread,88
Mother Energy,Mother Energy Drink Rainbow Sherbet Cans,monster energy,green energy drink 6 pack 500ml,88
Olive Branch,Tarama Dip,The Olive Branch,The Olive Branch Chunky Capsicum Parmesan Chives Dip,88
Sea Friend,Sea Friend Wasabi Seasoned Seaweed,friends,isabella & katarina grenache 750ml,88
Snickers,Snickers Chocolate Bar,snackers,snackers popcorn,88
Sole Mare,Sole Mare Tuna Chilli in Olive Oil,Soul Mare,Sole Mare Tuna & Beans,88
Starward,Honeycomb Whisky 700ml,star wars,the mandalorian a5 spiral notebook 240 pg,88
Swizzels,Swizzels Squashies Bubblegum,Swizzles,Squshies Original,88
candy market,candy market chocolate coated scr peanuts,the candy market,the candy market choc raspberry licorice bullets,88
caves rd,sausages angus beef and cracked black pepper,caves road,beef burgers jumbo,88
cheese board,cheese board fetta bay leaves,the cheese board,the cheese board fetta with garlic herbs & extra virgin olive oil,88
daily good,organic fiji ginger immunity shots,good day,pista & almond biscuits,88
hallmark,large gift bag colourful confetti,hillmark,stainless steel wipes,88
hb belly,me shot protein boost,hb belly me,bloat away,88
lord of fries,mac & cheese smoky bacon,lord of the fries,mac & cheese classic cheddar,88
maybelline fit me d+s,primer luminous+smoth,maybelline fit me m+p,foundation creamy beige,88
revlon colorstay c/o,longwear makeup m beige,revlon colorstay n/d,longwear makeup buff,88
Biltongman,Biltongman Snacks Traditional Beef Slices,The Biltong Man,The Biltong Man Chilli Biltong,87
Black & White,Black & White Evaporated Milk,black and white,evaporated milk,87
Ceres Organic,Seaweed Original Snack 6x5g Packs,organic care,organic care antibacterial hand wash lemongrass & ginger,87
Country Fresh,Country Fresh Bread and Butter Slices,Free Country,Free Country BBQ Plum Pork Stir Fry,87
Daily Juice,Daily Company Daily Juice Green Blend,the daily juice,breakfast burst juice chilled,87
Earth's Kitchen,Earth's Kitchen Cauliflower Gnocchi,eat kitchen,pizza pepperoni,87
Earthly Eats,Earthly Eats Crystallised Ginger,oates earthly,reusable bamboo wipes,87
Fairy Platinum,Fairy Platinum Antibacterial Dishwashing & Kitchen Spray,Fairy Platinum Plus,Stain Remover Dish Tabs,87
Farmers Market,Farmers Market Grain Free Chicken Loaf With Carrots & Peas Wet Dog Food,MARKET FARE,Green Beans 1kg,87
Fat Yak Brewing,Fat Yak Original Pale Ale Bottle,Yak Brewing,Wild Yak Pacific Ale Bottle,87
Fresh Harvest,Fresh Harvest Green Split Peas,Harvey Fresh,Lactose Free Hilo Milk,87
Kozhikoden,Kozhikoden Banana Chips,Kozhikoden Mix,Kerala,87
Macy & Tailor,Macy & Tailor Brown Rice Chips Pesto,Macy and Tailor,Macy and Tailor Oven Baked Pressed Pretzels Sea Salt,87
Mount Franklin,Lightly Sparkling Peach Water 10X375Ml,Mt. Franklin,Mount Franklin Spring Water Bottle ,87
POWER FORCE,Assorted Toilet Bleach Gel 700ml,power force pro,liquid bleach 2.5l,87
Squishmallows,Clip On Assorted,Sshmallows,Sshmallows White Mini Marshmallows,87
The Han Kitchen,Organic Udon Noodles,The Kitchen,The Kitchen Meat Lovers Pasta Bake Family Meal,87
The Vegan Dairy,Dill Chevre,The Vegan Dairy Aged,And Smokey Cheese,87
The Vegan Dairy,Dill Chevre,The Vegan Dairy Herb,And Garlic Cheese,87
Three Olives,Three Olives Organic Extra Virgin Olive Oil,the olive tree,garlic infused extra virgin olive oil 250ml,87
good farmer,free range eggs 12 pack,the good farmer,gingin free range eggs 12 pack,87
the maple treat,pure canadian maple syrup,the maple treat corp,pancake and waffle syrup,87
Aim,Aim Toothpaste Original Flavour,Daim,Daim Bar,86
Alo,Alo Allure Aloe Vera Mangosteen + Mango,almo,almo almond milk,86
Ansell,Ansell Handy Clean Disposable Gloves,Hansells,Hansells Kitchen Chocolate Flavoured Mousse,86
Australia's Own,Australia's Own UHT Full Cream,australian grown,australian grown beetroot,86
Bamboleo,Bamboleo Organic Basil & Garlic Pasta Sauce,bamboo,mega value pet wipes,86
Barber's,Barber's Cheddar,Barker's,Barker's Chipotle Sauce,86
Barker's,Barker's Chipotle Sauce,Parker's,Parker's Pretzel Minis Snacktime Multipack,86
Ben's Original,"Ben's Original Rice Fuel Protein Lentils, Turmeric And Brown Rice",ben's original rice,spanish style paella,86
Bleu,D'Auvergine Slice,blu,gourmet pearl couscous,86
Bonkers,Mixx Cat Treats Salmon 4 Pack,Bunkers,Bears Cabernet Merlot 750ml,86
Boodles,Boodles Boosted Peanut & Pretzel,Yoodles,Yoodles Brown Rice Noodles Chicken,86
Boss,Boss Iced Mocha Coffee,bos,bos lemon rooibos ice tea,86
Brut,Brut Original Body Spray,bru,original instant coffee jar,86
CLUB,CLUB Orange,CUB,Soft Spout Cup 6+ Months,86
Ceres Organic Pea,Chips Wasabi Mayo,Ceres Organic Pea Chips,Salted,86
Ceres Organic Pea,Chips Wasabi Mayo,Ceres Organics,Ceres Organics Crispy Rice Clouds Sea Salt Sunshine,86
Cho Cho,Cho Cho Wafer Stick Chocolate,choo choo,choo choo bar,86
Crunch & Co,Potato Twisties Salt & Vinegar,crunch,milk chocolate block,86
Dolmio,Dolmio Extra Bolognese Tomato Pasta Sauce,dolce mio,dolce mio almond bread,86
Eazii Mini,Red Bean Bun,Eazii Mini Egg,Custard Bun,86
Eva,Eva Sardines with Oil,Evia,Evia Greek Pro Creamy Yoghurt Gut Health,86
Fresh Up,Big Fizz Feijoa Burst,PM Fresh,PMF Creamy Coleslaw,86
GREENIES,Greenies Original Teenie Dental Dog Treat,Green's,Green's Banana Cake Mix,86
Girgar,Girgar Unsalted Butter,girgarre,reserve matured organic cheddar block,86
Gourmet Break,Gourmet Break Chicken Laksa,gourmet breakfast,gourmet breakfast free range eggs jumbo,86
Griffin's,Ginger Nuts,griffs,griffs meal curried prawns & rice,86
Hamilton,Everyday Face Invisible Sunscreen Spf 50+,Milton,Milton Antibacterial Solution,86
Ingham,Ingham Gluten Free Chicken Breast,Lingham's,Lingham's Sauce Chilli,86
Isi,Isi Whipped Cream Chargers,nisi,nisi feta danish,86
Jolly Rancher,Jolly Rancher Hard Candy,Jolly Rancher Hard,Candy Original Flavour,86
Juice Farm,Juice Farm Dark Lemonade,The Juice Farm,The Juice Farm Cranberry Juice,86
K-Roo,K-Roo Kangaroo Mince,KOO,KOO Fruit Guava Halves,86
KM Foods,KM Foods Vegan Pepper Steak Jerky,UK Foods,Scotch Egg,86
KOO,KOO Fruit Guava Halves,Koko,Black Hazelnut & Sea Salt Twinkling Tree,86
Lego,Flowers Assorted,leo,coco belgian milk chocolate & hazelnut spread,86
Lion,Lion Chocolate Chip Pancake,ion,laundry liquid concentrate,86
Lo Bros,Lo Bros Kombucha Mango & Passionfruit,lo bros up,citrus change 300ml,86
MCC,Fetta Garlic & Herbs,MCCO.,Marinated Fetta With Fresh Basil Pesto,86
Maharajah's Choice,Coloured Saffron Powder,maharajah's choice large,plain pappadams,86
Mildura,Mildura Orange & Mango Fruit Drink,mildara,limestone coast cabernet sauvignon 750ml,86
Mojo,Mojo Activated Kombucha Passionfruit,Moo,Moo Premium Sticky Apple & Organic Honey Yoghurt,86
Moki,Moki HDMI High Speed With Ethernet Cable,Oki,Oki Coating Original Chicken,86
Moo,Moo Premium Sticky Apple & Organic Honey Yoghurt,Mood,"Mood Tea Happy Days Hibiscus, Apple & Ginger",86
Moo,Moo Premium Sticky Apple & Organic Honey Yoghurt,Moro,Moro Olive Oil,86
Mum,Mum Dry All Day Antiperspirant Deodorant,Mumm,Mumm Champagne Brut Grand Cordon Rose,86
My Muscle,Chef Chicken Chipotle Burrito Bowl,muscle,nation sparkling protein water strawberry apple,86
Nana,Nana Traditional Lebanese Bread White,nan,expertpro formula lactose intolerence,86
Negrita,Negrita Ground Coffee Turkish Dark Roast,neurita,citrus tequila 700ml,86
Oki,Oki Coating Original Chicken,Toki,Toki Japanese Whisky Bottle,86
Oki,Oki Coating Original Chicken,Yoki,Yoki Seasoned Cassava Flour,86
One,4 In 1 Laundry Capsule Drops Fresh Scent,none,fun faves 18 pack 324g,86
P.A.N,P.A.N White Corn Flour,Pana,Pana Organic Double Chocolate Frozen Dessert Tub,86
Pat & Stick's,Sandwich Caramel Pecan,Pat And Stick's,Salted Caramel Pecan Cookies,86
Patties,Patties Vegan Friendly Rolls,Wattie's,Tomato Sauce,86
Pilbara Bakehouse,White Sandwich Loaf,Pilbara Bakehouse White,Crusty Continental Roll,86
Port Stephens,Port Stephens 12 Jumbo Free Range Eggs,R Stephens,R Stephens Organic Leatherwood Honey,86
Praise,Praise Creamy Mayonnaise Traditional,paradise,paradise cottage cookies choc chip indulgence,86
Princi,Mild Hungarian Salami From The Deli,principe,riso principe arborio,86
Raid,Raid Night & Day Primary Control Fly & Mosquito Protection,Rid,Bite Relief Repellent Antiseptic Bite Protection Insect Repellent Spray,86
Raw,Raw Diced Steak Pet Meats,Raw C,Organic Coconut Oil,86
Rok,Kombucha Ginger Pop,Roku,Roku Japanese Gin Bottle,86
San Remo,Instant Lasagna Sheets Family Pack,sam remo,san remo fusillini no 55,86
Sarson's,Sarson's Malt Vinegar,parsons,vanilla creamed rice,86
Shaw & Smith,Shaw & Smith Shiraz,shaw and smith,sauvignon blanc 750ml,86
Slape & Sons,Slape & Sons BBQ Sausages,Slape And Sons,Slape And Sons Beef Steaketts,86
Soy,Soy Crisps Original,Soya,Soya King Super Soy Tofu,86
Soy,Soy Crisps Original,V-Soy,V-Soy Multigrain Soy Milk,86
SunRice,SunRice Australian Medium Grain Calrose Rice,Sunrise,Free Range Eggs 12 Pack,86
Sweet and Sour,Sweet and Sour Rainbow Tub,sweet sour,sweet sour fairy floss tub,86
Tamar Valley,The Creamery Yoghurt Mangoes & Cream,mary valley,mary valley gold cheese mozzarella shredded,86
Tat,Tat Tomato Paste,tata,salt,86
The Bagel Boy,The Bagel Boys Cinamon & Raisin,The Bagel Co.,The Bagel Co. Plain Bagels,86
The Natural Chip Co,The Natural Chip Co Sweet Chilli & Sour Cream,the natural chip company,the natural chip co. sea cheese & onion chips,86
The Natural Confectionery Co.,The Natural Confectionery Co. Party Mix,the natural confect co.,gummy bears,86
The Paw Grocer,The Paw Grocer Party Time Bikkies Dog Treats,paw grocer,the paw grocer chicken wing tips,86
The Singleton,The Singleton of Dufftown Malt Master Single Malt Scotch Whisky,singleton,12yo single malt scotch whisky 700ml,86
The Wise Bunny,The Wise Bunny Dairy Free Pizza Topper,wise bunny,wise bunny almond yoghurt natural,86
Tom,Tom Organic Pads Regular Ultra Thin,tomy,take & toss sipper cup,86
Unox,Unox Cream of Mushroom Soup In A Cup,uno,no mercy,86
Vickers,Vickers London Dry Gin,pickers,tomato mozzarella risotto melters,86
Vickers,Vickers London Dry Gin,vickery,watervale riesling 750ml,86
Walkers,Walkers Cheese and Onion,Walters,Original Nougat Biscuit,86
Well & Good,Well & Good Muffin Mix,gowell,diegos gowell classic wrap,86
Wice,Bbq Party Mix Snacks,ice,magnesium muscle recovery spray,86
Wicked Sister,Wicked Sister Vanilla Custard,wicked sister high,protein vanilla pudding,86
Yarrows,Yarrows Plum & Gin Tarts,farrow's,giant marrowfat peas,86
Yeo's,Yeo's Lychee Flavoured Drink,yes!,yes! sea salt & dark chocolate nut bar,86
Yorkshire Tea,Yorkshire Tea Black Tea Bags,yorkshire,yorkshire tea breakfasty toast & jam tea bags,86
alternative dairy,alternative dairy almond milk,the alternative dairy co.,the alternative dairy co. oat milk,86
ballantines,scotch whisky 700ml,ballantyne,ballantyne milk choc almonds,86
blu,gourmet pearl couscous,bluo,liquid blue laundry soaker,86
calippo,calippo mini water ice lemon orange & lime,callipo,solid light tuna in olive oil 2 pack,86
harvest snap,pea sour cream and chives,sun harvest,lemon juice,86
kb's thawed,seafood highlighter,kb's thawed raw,jumbo prawn cutlets,86
monini basil pesto,genovese,monini vegan basil pesto,genovese,86
mr muscle,antibacterial disinfectant floor cleaner,muscle,nation sparkling protein water strawberry apple,86
prince,3 in 1 shower gel 1l,principe,riso principe arborio,86
sunlight,sunlight dishwashing liquid natural lemon,sunlit,orange soft drink 1.25l,86
yes!,yes! sea salt & dark chocolate nut bar,yves,premium sparkling cuvee 750ml,86
Absolute Organic,Absolute Organic Desiccated Coconut,Blue Organic,Blue Lotus Sweet Chilli Tofu Nuggets,85
Australian Organic Food Co.,Australian Organic Food Co. Apple & Watermelon Puree,australian organic,chicken & vegetable soup,85
Australiana,Maisie Mug,Made in Australia,Matso's Ginger Beer Bottle,85
Caldermeade Farm,Caldermeade Farm Goat Milk,caldermeade,farm goats milk,85
Farmers Harvest,Farmers Harvest Vegetable Oil,Fresh Harvest,Fresh Harvest Green Split Peas,85
GREAT NORTHERN,Super Crisp Lager 30x375ml,great southern,giniversity botanical gin 500ml,85
Pana Organic,Pana Organic Chocolate Sour Cherry and Vanilla,pana organic chai,drink blend 200g,85
Strangelove,Strangelove Lime & Jalapeno Lo-Cal,Strangelove Yuzu,Infused Mineral Water,85
folding auto,open umbrella black,folding auto open,umbrella pin dots,85
green nation,soy wax candle salted caramel,green nation life,multipurpose lemongrass,85
tefal cook right,non stick frypan,tefal cook right xl non,stick sautepan,85
